place_id,route_id,tier,segment,name,address,phone,subcategory,keyword
78071229,Route 1 (강남구 밀집),Tier 1 (High),8. 한식 (해물 찌개・탕 전문점),배가네 목포집,서울 강남구 강남대로152길 18 선안빌딩 2층,0507-1305-3229,동태탕,강남구 동태탕 배달 맛집
13348519,Route 1 (강남구 밀집),Tier 1 (High),1. 일식 (선술집),타이쇼,서울 강남구 강남대로42길 16,0507-1455-2453,이자카야,강남구 이자카야 배달 맛집
1506437174,Route 1 (강남구 밀집),Tier 1 (High),8. 한식 (해물 찌개・탕 전문점),찬란한아구 강남본점,서울 강남구 강남대로78길 12 2층 찬란한아구 강남본점,0507-1361-2929,동태탕,강남구 동태탕 배달 맛집
2044712937,Route 1 (강남구 밀집),Tier 1 (High),8. 한식 (해물 찌개・탕 전문점),두툼해 도곡,서울 강남구 남부순환로 2806 지하1층,0507-1340-2110,동태탕,강남구 동태탕 배달 맛집
1725612670,Route 1 (강남구 밀집),Tier 1 (High),1. 일식 (선술집),이자카야 찬,서울 강남구 논현로 634 지상1~2층,0507-1410-4565,이자카야,강남구 이자카야 배달 맛집
31202538,Route 1 (강남구 밀집),Tier 1 (High),1. 일식 (선술집),미카 압구정점,서울 강남구 논현로 841 105호,0507-1441-6557,이자카야,강남구 이자카야 배달 맛집
1635000652,Route 1 (강남구 밀집),Tier 1 (High),3. 일식 (우동・소바),아부라소바 하나레,서울 강남구 논현로167길 16 지상1층 106호,0507-1371-0893,소바,강남구 소바 배달 맛집
1719067822,Route 1 (강남구 밀집),Tier 1 (High),1. 일식 (선술집),육회천지 신사점,서울 강남구 도산대로8길 9 1층,0507-1327-6302,이자카야,강남구 이자카야 배달 맛집
1248034794,Route 1 (강남구 밀집),Tier 1 (High),3. 일식 (우동・소바),초이다이닝 강남점,서울 강남구 봉은사로2길 7 지상2층 202호,0507-1392-2101,소바,강남구 소바 배달 맛집
1143307364,Route 1 (강남구 밀집),Tier 1 (High),3. 일식 (우동・소바),돈카춘 대치점돈가스,서울 강남구 삼성로 155 1층 110호,02-501-5184,소바,강남구 소바 배달 맛집
1805562801,Route 1 (강남구 밀집),Tier 2 (Medium),2. 일식 (정식・초밥),감탄성신 강남본점,서울 강남구 강남대로106길 14 지상1층 감탄성신,02-555-1516,초밥,강남구 초밥 배달 맛집
1450154270,Route 1 (강남구 밀집),Tier 2 (Medium),7. 한식 (일반 찌개・탕 전문점),원조감자탕 일미집 역삼점감자탕,서울 강남구 논현로 409 1층,02-556-5501,백반,강남구 백반 배달 맛집
1320231021,Route 1 (강남구 밀집),Tier 2 (Medium),2. 일식 (정식・초밥),우제홍초밥 학동역점,서울 강남구 논현로131길 7 1층 우제홍 초밥,0507-1393-1385,라멘,강남구 라멘 배달 맛집
1186508365,Route 1 (강남구 밀집),Tier 2 (Medium),2. 일식 (정식・초밥),키세카츠 신사역점,서울 강남구 논현로149길 52 1층 101호,0507-1434-9179,돈카츠,강남구 돈카츠 배달 맛집
18466341,Route 1 (강남구 밀집),Tier 2 (Medium),7. 한식 (일반 찌개・탕 전문점),한티옥한식,서울 강남구 도곡로 418 강원빌딩,02-552-5289,국밥,강남구 국밥 배달 맛집
1085392442,Route 1 (강남구 밀집),Tier 2 (Medium),7. 한식 (일반 찌개・탕 전문점),논현삼계탕 본점,서울 강남구 도산대로 167,,찜닭,강남구 찜닭 배달 맛집
1454592509,Route 1 (강남구 밀집),Tier 2 (Medium),7. 한식 (일반 찌개・탕 전문점),장독대김치찌개 청담점,"서울 강남구 도산대로94길 33 1층 101호, 103호",0507-1472-7764,찌개,강남구 찌개 배달 맛집
2029656160,Route 1 (강남구 밀집),Tier 2 (Medium),2. 일식 (정식・초밥),초밥에진심 회전초밥 강남자곡점,"서울 강남구 밤고개로 227 B동 103호, 104호",0507-1424-7669,초밥,강남구 초밥 배달 맛집
1140457674,Route 1 (강남구 밀집),Tier 2 (Medium),7. 한식 (일반 찌개・탕 전문점),굴다리식당 강남점,서울 강남구 봉은사로 117 1층,02-511-5340,김치찌개,강남구 김치찌개 배달 맛집
1587497383,Route 1 (강남구 밀집),Tier 2 (Medium),2. 일식 (정식・초밥),후토시 대치본점,서울 강남구 삼성로 212 은마종합상가 A블럭 지하40호,0507-1496-0457,초밥,강남구 초밥 배달 맛집
1336299902,Route 2 (서초구 밀집),Tier 1 (High),8. 한식 (해물 찌개・탕 전문점),보승회관 논현역점,서울 서초구 강남대로 521 1층,0507-1338-6816,국밥,서초구 국밥 배달 맛집
1932467805,Route 2 (서초구 밀집),Tier 1 (High),8. 한식 (해물 찌개・탕 전문점),보글이 생태탕왕코다리 양재역점,서울 서초구 강남대로37길 56-18 서초에메랄드빌딩 1층,0507-1388-7709,동태탕,서초구 동태탕 배달 맛집
1648866258,Route 2 (서초구 밀집),Tier 1 (High),3. 일식 (우동・소바),돈카춘 강남역점돈가스,서울 서초구 강남대로55길 9-7 2층 201호,02-525-5184,소바,서초구 소바 배달 맛집
1395173053,Route 2 (서초구 밀집),Tier 1 (High),1. 일식 (선술집),난바우동&이자카야 방배본점,서울 서초구 동작대로 56 1층,0507-1374-1957,이자카야,서초구 이자카야 배달 맛집
1926988980,Route 2 (서초구 밀집),Tier 1 (High),1. 일식 (선술집),이자카야나무 사당점,"서울 서초구 방배천로2길 25 2층, 3층",0507-1498-6787,이자카야,서초구 이자카야 배달 맛집
1393074049,Route 2 (서초구 밀집),Tier 1 (High),3. 일식 (우동・소바),아소산 겐안일식당,서울 서초구 사평대로56길 7 2층,0507-1330-6659,소바,서초구 소바 배달 맛집
13339617,Route 2 (서초구 밀집),Tier 1 (High),1. 일식 (선술집),무샤,서울 서초구 서래로 33 1층,0507-1410-8886,이자카야,서초구 이자카야 배달 맛집
20112285,Route 2 (서초구 밀집),Tier 1 (High),8. 한식 (해물 찌개・탕 전문점),김영희강남동태찜 이수점,서울 서초구 서초대로 3-4 b1 강남동태,0507-1304-0890,동태탕,서초구 동태탕 배달 맛집
2043690800,Route 2 (서초구 밀집),Tier 1 (High),1. 일식 (선술집),시선 교대점,서울 서초구 서초대로50길 40 지하1층,0507-1411-4225,이자카야,서초구 이자카야 배달 맛집
2029506402,Route 2 (서초구 밀집),Tier 1 (High),8. 한식 (해물 찌개・탕 전문점),대찬횟집 교대점,서울 서초구 서초대로52길 17 지하1층,02-582-8588,동태탕,서초구 동태탕 배달 맛집
964119437,Route 2 (서초구 밀집),Tier 2 (Medium),2. 일식 (정식・초밥),"스시썸초밥,롤",서울 서초구 강남대로 222-4 메디컬빌딩 1층,02-579-0770,초밥,서초구 초밥 배달 맛집
2026037512,Route 2 (서초구 밀집),Tier 2 (Medium),7. 한식 (일반 찌개・탕 전문점),순대일번지 양재점,서울 서초구 남부순환로350길 11 1층 1호,0507-1407-7567,국밥,서초구 국밥 배달 맛집
1123021012,Route 2 (서초구 밀집),Tier 2 (Medium),2. 일식 (정식・초밥),호랑이초밥 양재점,서울 서초구 남부순환로356길 92 102호~103호,0507-1453-0568,초밥,서초구 초밥 배달 맛집
2091920855,Route 2 (서초구 밀집),Tier 2 (Medium),2. 일식 (정식・초밥),연미정 양재시민의숲점,서울 서초구 동산로2길 19 1층,0507-1472-0208,초밥,서초구 초밥 배달 맛집
2063717719,Route 2 (서초구 밀집),Tier 2 (Medium),7. 한식 (일반 찌개・탕 전문점),국밥 참 맛있는 집 양재포이점국밥,서울 서초구 마방로10길 18-24 1층,0507-1318-2044,국밥,서초구 국밥 배달 맛집
1300181506,Route 2 (서초구 밀집),Tier 2 (Medium),7. 한식 (일반 찌개・탕 전문점),진주청국장한식,서울 서초구 반포대로21길 27 화원아파트상가 109호 진주청국장,0507-1366-6919,김치찌개,서초구 김치찌개 배달 맛집
1059174615,Route 2 (서초구 밀집),Tier 2 (Medium),2. 일식 (정식・초밥),스시한손 서초본점,서울 서초구 반포대로27길 13 107호,0507-1309-4960,초밥,서초구 초밥 배달 맛집
18364999,Route 2 (서초구 밀집),Tier 2 (Medium),2. 일식 (정식・초밥),나나마구로,서울 서초구 반포대로28길 65-4 서원빌딩 1층 나나 마구로,0507-1391-5674,초밥,서초구 초밥 배달 맛집
1764301907,Route 2 (서초구 밀집),Tier 2 (Medium),7. 한식 (일반 찌개・탕 전문점),부대찌개대사관 교대점,서울 서초구 반포대로28길 94 1층 103호 부대찌개대사관,02-588-1910,찌개,서초구 찌개 배달 맛집
1958551372,Route 2 (서초구 밀집),Tier 2 (Medium),7. 한식 (일반 찌개・탕 전문점),방배본가면옥한식,서울 서초구 방배로 41,02-587-5799,국밥,서초구 국밥 배달 맛집
1370480264,Route 3 (송파구 밀집),Tier 1 (High),1. 일식 (선술집),도아심야식당,서울 송파구 가락로 150 1층 101호,0507-1374-9459,이자카야,송파구 이자카야 배달 맛집
38781685,Route 3 (송파구 밀집),Tier 1 (High),8. 한식 (해물 찌개・탕 전문점),"진짜배기명태촌 문정점해물,생선요리",서울 송파구 문정로 23,02-401-1550,동태탕,송파구 동태탕 배달 맛집
35915964,Route 3 (송파구 밀집),Tier 1 (High),8. 한식 (해물 찌개・탕 전문점),오징어집생선회,서울 송파구 백제고분로 280 1층,0507-1427-5357,동태탕,송파구 동태탕 배달 맛집
20083693,Route 3 (송파구 밀집),Tier 1 (High),8. 한식 (해물 찌개・탕 전문점),김영희동태찜&코다리냉면 잠실본점,서울 송파구 삼전로 87 김영희동태찜&코다리냉면 잠실본점,02-422-5008,동태탕,송파구 동태탕 배달 맛집
1287739988,Route 3 (송파구 밀집),Tier 1 (High),3. 일식 (우동・소바),아끼야 본점돈가스,서울 송파구 송이로20길 4 1층 아끼야,0507-1306-3453,소바,송파구 소바 배달 맛집
2053532982,Route 3 (송파구 밀집),Tier 1 (High),8. 한식 (해물 찌개・탕 전문점),바다어장 송파점,"서울 송파구 송파대로 201 B동 1층 101, 102, 103호",0507-1485-6114,동태탕,송파구 동태탕 배달 맛집
35057936,Route 3 (송파구 밀집),Tier 1 (High),8. 한식 (해물 찌개・탕 전문점),만당 쭈꾸미 김치찌개,서울 송파구 양재대로62길 48 1층,0507-1372-0821,김치찌개,송파구 김치찌개 배달 맛집
1714002978,Route 3 (송파구 밀집),Tier 1 (High),8. 한식 (해물 찌개・탕 전문점),착한명태,"서울 송파구 양재대로71길 28 ( 방이동, 대원빌딩) 1층",02-412-1656,동태탕,송파구 동태탕 배달 맛집
1161388914,Route 3 (송파구 밀집),Tier 1 (High),1. 일식 (선술집),나나미 이자카야 잠실방이점,서울 송파구 오금로11길 14 202호,0507-1497-1592,이자카야,송파구 이자카야 배달 맛집
1096961409,Route 3 (송파구 밀집),Tier 1 (High),3. 일식 (우동・소바),철판오사카야 방이점,서울 송파구 오금로15길 13 2층 201호,0507-1387-9548,소바,송파구 소바 배달 맛집
1828700834,Route 3 (송파구 밀집),Tier 2 (Medium),2. 일식 (정식・초밥),스시호,서울 송파구 가락로 98 1층,0507-1377-6332,소바,송파구 소바 배달 맛집
1400584205,Route 3 (송파구 밀집),Tier 2 (Medium),2. 일식 (정식・초밥),선남sea일식당,서울 송파구 도곡로 446 1층,0507-1357-8195,초밥,송파구 초밥 배달 맛집
2035544995,Route 3 (송파구 밀집),Tier 2 (Medium),7. 한식 (일반 찌개・탕 전문점),고기반햄반김치찌개&김치찜 송파점한식,서울 송파구 동남로4길 27 102호,0507-1405-1687,김치찌개,송파구 김치찌개 배달 맛집
20644275,Route 3 (송파구 밀집),Tier 2 (Medium),7. 한식 (일반 찌개・탕 전문점),돈푸짐감자탕한식,서울 송파구 백제고분로 169,0507-1392-2035,김치찌개,송파구 김치찌개 배달 맛집
2035117032,Route 3 (송파구 밀집),Tier 2 (Medium),2. 일식 (정식・초밥),아키라 스시,서울 송파구 백제고분로 258 1층 106호,0507-1423-2163,초밥,송파구 초밥 배달 맛집
1066163540,Route 3 (송파구 밀집),Tier 2 (Medium),2. 일식 (정식・초밥),마초야 송파점,서울 송파구 백제고분로40길 24 1층,0507-1352-1403,돈카츠,송파구 돈카츠 배달 맛집
1520825852,Route 3 (송파구 밀집),Tier 2 (Medium),2. 일식 (정식・초밥),시스스시 송리단길점,서울 송파구 백제고분로43길 8 1층 2호,0507-1346-7274,초밥,송파구 초밥 배달 맛집
1420700131,Route 3 (송파구 밀집),Tier 2 (Medium),2. 일식 (정식・초밥),헤세드 송리단길점,서울 송파구 백제고분로45길 9 1층,0507-1389-5915,돈카츠,송파구 돈카츠 배달 맛집
1816711702,Route 3 (송파구 밀집),Tier 2 (Medium),2. 일식 (정식・초밥),남해물고기 잠실새내점,서울 송파구 백제고분로7길 27 2층,0507-1445-5569,초밥,송파구 초밥 배달 맛집
1218935582,Route 3 (송파구 밀집),Tier 2 (Medium),2. 일식 (정식・초밥),끼니공방 문정본점,서울 송파구 법원로 114 E동 지하1층 B104호 끼니공방 문정점,0507-1399-7208,돈카츠,송파구 돈카츠 배달 맛집
1305301531,Route 4 (강동구 밀집),Tier 1 (High),8. 한식 (해물 찌개・탕 전문점),둥지동태탕 고덕강일점한식,서울 강동구 가래여울길 10 2층 201호,02-481-2000,동태탕,강동구 동태탕 배달 맛집
18658300,Route 4 (강동구 밀집),Tier 1 (High),8. 한식 (해물 찌개・탕 전문점),송림 동태찜.탕,서울 강동구 강동대로55길 26 1층,02-472-7347,동태탕,강동구 동태탕 배달 맛집
2037394757,Route 4 (강동구 밀집),Tier 1 (High),8. 한식 (해물 찌개・탕 전문점),"경회루인생순대순대,순댓국",서울 강동구 구천면로 229-1 지1층,0507-1338-6410,국밥,강동구 국밥 배달 맛집
1335972205,Route 4 (강동구 밀집),Tier 1 (High),8. 한식 (해물 찌개・탕 전문점),해물을 찜한날한식,서울 강동구 구천면로 316 1층,02-441-0905,동태탕,강동구 동태탕 배달 맛집
1317491467,Route 4 (강동구 밀집),Tier 1 (High),8. 한식 (해물 찌개・탕 전문점),마시동 강동점한식,서울 강동구 명일로 238,02-483-3041,동태탕,강동구 동태탕 배달 맛집
31353106,Route 4 (강동구 밀집),Tier 1 (High),8. 한식 (해물 찌개・탕 전문점),바다양푼이동태탕 강동상일점,서울 강동구 상일로5길 3,02-426-7959,동태탕,강동구 동태탕 배달 맛집
31186331,Route 4 (강동구 밀집),Tier 1 (High),3. 일식 (우동・소바),서울진우동덮밥,서울 강동구 성내로 11 107호 서울진우동덮밥,0507-1353-3215,덮밥,강동구 덮밥 배달 맛집
19535265,Route 4 (강동구 밀집),Tier 1 (High),1. 일식 (선술집),일층이자카야,서울 강동구 양재대로89가길 14,070-8840-2667,이자카야,강동구 이자카야 배달 맛집
1755277775,Route 4 (강동구 밀집),Tier 1 (High),8. 한식 (해물 찌개・탕 전문점),보승회관 천호역점,서울 강동구 올림픽로 654 1층 1호,02-6428-2539,국밥,강동구 국밥 배달 맛집
33875852,Route 4 (강동구 밀집),Tier 1 (High),1. 일식 (선술집),아키노유키 천호점이자카야,서울 강동구 올림픽로70길 50-7,0507-1307-6923,이자카야,강동구 이자카야 배달 맛집
1180483115,Route 4 (강동구 밀집),Tier 2 (Medium),2. 일식 (정식・초밥),푼푼왕돈까스,서울 강동구 고덕로 399 메가스퀘어동 1층 147호,0507-1366-9432,돈카츠,강동구 돈카츠 배달 맛집
1030764516,Route 4 (강동구 밀집),Tier 2 (Medium),7. 한식 (일반 찌개・탕 전문점),고덕숲 정원,서울 강동구 고덕로83길 36 1층,02-427-6286,국밥,강동구 국밥 배달 맛집
2071568812,Route 4 (강동구 밀집),Tier 2 (Medium),2. 일식 (정식・초밥),으뜸스시 고덕역점,"서울 강동구 동남로73길 9 1층 102호 (명일동, 동신빌딩)",0507-1493-6062,초밥,강동구 초밥 배달 맛집
1295416798,Route 4 (강동구 밀집),Tier 2 (Medium),2. 일식 (정식・초밥),세민수산 고덕점,서울 강동구 상일로 125 1층 101호,0507-1366-3995,초밥,강동구 초밥 배달 맛집
1241955182,Route 4 (강동구 밀집),Tier 2 (Medium),2. 일식 (정식・초밥),리애 프리미엄 올림픽공원직영점,서울 강동구 성내로18길 46 1층 1-1호,0507-1314-9588,돈카츠,강동구 돈카츠 배달 맛집
2075343641,Route 4 (강동구 밀집),Tier 2 (Medium),7. 한식 (일반 찌개・탕 전문점),명인대동양평해장국 강동점,"서울 강동구 성안로 172 102동 101,102,103호",02-473-3338,국밥,강동구 국밥 배달 맛집
1717789041,Route 4 (강동구 밀집),Tier 2 (Medium),7. 한식 (일반 찌개・탕 전문점),"백채김치찌개 강일점찌개,전골",서울 강동구 아리수로93길 27 1층 107호 백채김치찌개,02-429-6730,김치찌개,강동구 김치찌개 배달 맛집
1047566941,Route 4 (강동구 밀집),Tier 2 (Medium),7. 한식 (일반 찌개・탕 전문점),길동골목냉면,서울 강동구 양재대로114길 25 1층 길동골목냉면,0507-1361-4181,국밥,강동구 국밥 배달 맛집
1817131172,Route 4 (강동구 밀집),Tier 2 (Medium),7. 한식 (일반 찌개・탕 전문점),풍년솥뚜껑,서울 강동구 올림픽로 763 2층 201-3호,0507-1430-5790,김치찌개,강동구 김치찌개 배달 맛집
2088248171,Route 4 (강동구 밀집),Tier 2 (Medium),2. 일식 (정식・초밥),으뜸스시 천호점,서울 강동구 올림픽로78길 60 이스턴스퀘어동 1-103호,0507-1361-3303,라멘,강동구 라멘 배달 맛집
1194099490,Route 5 (강서구 밀집),Tier 1 (High),1. 일식 (선술집),이자카야우연,서울 강서구 강서로18다길 40 1층,0507-1444-3126,이자카야,강서구 이자카야 배달 맛집
1518765993,Route 5 (강서구 밀집),Tier 1 (High),1. 일식 (선술집),오늘꼬치 먹을꼬치,서울 강서구 강서로45나길 50 1층 103호 오늘꼬치 먹을꼬치,0507-1413-0071,이자카야,강서구 이자카야 배달 맛집
1385525868,Route 5 (강서구 밀집),Tier 1 (High),8. 한식 (해물 찌개・탕 전문점),등촌식당,서울 강서구 등촌로51길 4 1층 등촌식당,0507-1318-8243,동태탕,강서구 동태탕 배달 맛집
1318354946,Route 5 (강서구 밀집),Tier 1 (High),1. 일식 (선술집),쇼쿠,"서울 강서구 마곡중앙6로 11 보타닉파크타워3 1층 105, 106호",,이자카야,강서구 이자카야 배달 맛집
1339273036,Route 5 (강서구 밀집),Tier 1 (High),1. 일식 (선술집),호호방,서울 강서구 마곡중앙로 161-1 마곡나루 캐슬파크 1층 115호,0507-1349-4439,이자카야,강서구 이자카야 배달 맛집
1141250899,Route 5 (강서구 밀집),Tier 1 (High),1. 일식 (선술집),로바타소노 마곡나루직영점,"서울 강서구 마곡중앙로 161-1 제2층 207, 208호",0507-1476-6624,이자카야,강서구 이자카야 배달 맛집
1064847686,Route 5 (강서구 밀집),Tier 1 (High),1. 일식 (선술집),아키,서울 강서구 방화동로 18-7 1층 아키,,이자카야,강서구 이자카야 배달 맛집
36462431,Route 5 (강서구 밀집),Tier 1 (High),8. 한식 (해물 찌개・탕 전문점),"바다양푼이동태탕 강서방화점매운탕,해물탕",서울 강서구 양천로 96 1층,02-2665-4286,동태탕,강서구 동태탕 배달 맛집
2073553959,Route 5 (강서구 밀집),Tier 1 (High),8. 한식 (해물 찌개・탕 전문점),양은이네 방화동점,서울 강서구 양천로14길 7 1층,0507-1332-3690,동태탕,강서구 동태탕 배달 맛집
713814942,Route 5 (강서구 밀집),Tier 1 (High),8. 한식 (해물 찌개・탕 전문점),명태명가 신방화,서울 강서구 초원로 72 1층,0507-1355-5050,동태탕,강서구 동태탕 배달 맛집
2023539595,Route 5 (강서구 밀집),Tier 2 (Medium),7. 한식 (일반 찌개・탕 전문점),영천얼큰돼지국밥 화곡직영점국밥,서울 강서구 강서로 183 B동 1층,02-2607-7771,국밥,강서구 국밥 배달 맛집
1695937691,Route 5 (강서구 밀집),Tier 2 (Medium),2. 일식 (정식・초밥),최덕화돈까스,"서울 강서구 강서로 231 1층 139, 144호",0507-1496-0058,돈카츠,강서구 돈카츠 배달 맛집
2034024563,Route 5 (강서구 밀집),Tier 2 (Medium),2. 일식 (정식・초밥),멘쇼카츠,서울 강서구 강서로 378 1층 105호,0507-1474-2804,돈카츠,강서구 돈카츠 배달 맛집
1025456619,Route 5 (강서구 밀집),Tier 2 (Medium),7. 한식 (일반 찌개・탕 전문점),"장독대김치찌개 마곡발산역점찌개,전골",서울 강서구 강서로 385 우성에스비타워 1층 117호,02-2668-7940,찌개,강서구 찌개 배달 맛집
1514971383,Route 5 (강서구 밀집),Tier 2 (Medium),2. 일식 (정식・초밥),고쉐프의 신선한 초밥 in마곡,서울 강서구 강서로 433 오드카운티 2차 101호 (1차 및 옆건물 주차불가),0507-1427-3736,소바,강서구 소바 배달 맛집
1137846277,Route 5 (강서구 밀집),Tier 2 (Medium),7. 한식 (일반 찌개・탕 전문점),까치산 김치찌개전문점,서울 강서구 강서로15길 40 1층 101호,0507-1327-3953,김치찌개,강서구 김치찌개 배달 맛집
1747883463,Route 5 (강서구 밀집),Tier 2 (Medium),7. 한식 (일반 찌개・탕 전문점),김당 발산본점,"서울 강서구 강서로54길 11 1~2층(등촌동,3동)",0507-1442-6365,국밥,강서구 국밥 배달 맛집
1084996829,Route 5 (강서구 밀집),Tier 2 (Medium),7. 한식 (일반 찌개・탕 전문점),장수촌 풍천장어한식,서울 강서구 강서로54길 27 2층,0507-1489-8976,김치찌개,강서구 김치찌개 배달 맛집
1504474078,Route 5 (강서구 밀집),Tier 2 (Medium),2. 일식 (정식・초밥),서울 오마카세 우미마토 마곡본점,서울 강서구 공항대로 219 센테니아 114호,0507-1367-5832,초밥,강서구 초밥 배달 맛집
1702970872,Route 5 (강서구 밀집),Tier 2 (Medium),7. 한식 (일반 찌개・탕 전문점),송탄진대광부대찌개,서울 강서구 공항대로 227 1층 115호,507-1406-5710,찌개,강서구 찌개 배달 맛집
2051069381,Route 6 (종로구 밀집),Tier 1 (High),3. 일식 (우동・소바),죠죠 대학로점,서울 종로구 대명1길 16-11 1층,0507-1403-8684,소바,대학로 소바
1556811494,Route 6 (종로구 밀집),Tier 1 (High),1. 일식 (선술집),혜화역 4번출구포차요리주점,"서울 종로구 대명길 18 2, 3층",0507-1307-3981,이자카야,대학로 이자카야
1228101335,Route 6 (종로구 밀집),Tier 1 (High),3. 일식 (우동・소바),칸다소바일본식라면,서울 종로구 대학로 131-1,0507-1364-1662,라멘,대학로 라멘
1416540834,Route 6 (종로구 밀집),Tier 1 (High),3. 일식 (우동・소바),종로 희희,서울 종로구 대학로 42-7 1층,0507-1335-7800,소바,종로구 소바 배달 맛집
20724809,Route 6 (종로구 밀집),Tier 1 (High),1. 일식 (선술집),달빛마루,서울 종로구 대학로11길 24-1,0507-1418-6787,이자카야,대학로 이자카야
1669386778,Route 6 (종로구 밀집),Tier 1 (High),3. 일식 (우동・소바),소바의온도 본점일식당,서울 종로구 대학로12길 43 1층 소바의온도,0507-1393-2062,소바,대학로 소바
1489040367,Route 6 (종로구 밀집),Tier 1 (High),1. 일식 (선술집),신초이,서울 종로구 대학로14길 10 1층,0507-1480-2414,이자카야,대학로 이자카야
2006976053,Route 6 (종로구 밀집),Tier 1 (High),8. 한식 (해물 찌개・탕 전문점),종로삼겹살,서울 종로구 돈화문로 63 1층 102호,0507-1300-7232,동태탕,종로 동태탕
38501020,Route 6 (종로구 밀집),Tier 1 (High),8. 한식 (해물 찌개・탕 전문점),"진주육회 본점육류,고기요리",서울 종로구 동호로 403-22,02-2263-0366,국밥,종로구 국밥 배달 맛집
11678680,Route 6 (종로구 밀집),Tier 1 (High),8. 한식 (해물 찌개・탕 전문점),된장예술과술한식,서울 종로구 삼일대로15길 20,02-733-4516,동태탕,종로 동태탕
13578493,Route 6 (종로구 밀집),Tier 2 (Medium),7. 한식 (일반 찌개・탕 전문점),"마당너른집백숙,삼계탕",서울 종로구 낙산길 3-4,02-3675-3838,찜닭,대학로 찜닭
1030718470,Route 6 (종로구 밀집),Tier 2 (Medium),2. 일식 (정식・초밥),메종 아카이 혜화본점,서울 종로구 대명길 34 2층,0507-1301-0394,돈카츠,종로구 돈카츠 배달 맛집
20871711,Route 6 (종로구 밀집),Tier 2 (Medium),2. 일식 (정식・초밥),야스미,서울 종로구 대명길 39-10,0507-1435-2550,초밥,종로구 초밥 배달 맛집
36237207,Route 6 (종로구 밀집),Tier 2 (Medium),7. 한식 (일반 찌개・탕 전문점),조선식당한식,서울 종로구 대학로 128,02-763-3323,김치찌개,종로구 김치찌개 배달 맛집
2070284578,Route 6 (종로구 밀집),Tier 2 (Medium),2. 일식 (정식・초밥),카츠헤세드 혜화 대학로점,서울 종로구 대학로 146 1층 102호 카츠헤세드 혜화 대학로점,0507-1363-5916,돈카츠,종로구 돈카츠 배달 맛집
1219285981,Route 6 (종로구 밀집),Tier 2 (Medium),2. 일식 (정식・초밥),연하동 대학로점,서울 종로구 대학로11길 43 1층,070-8835-3333,초밥,대학로 초밥
1288498213,Route 6 (종로구 밀집),Tier 2 (Medium),2. 일식 (정식・초밥),대학로고래일식당,서울 종로구 대학로11길 46 1층,070-4151-3333,돈카츠,대학로 돈카츠
37126807,Route 6 (종로구 밀집),Tier 2 (Medium),2. 일식 (정식・초밥),정돈 대학로본점돈가스,서울 종로구 대학로9길 12 지층,0507-1408-0924,돈카츠,종로구 돈카츠 배달 맛집
1201961994,Route 6 (종로구 밀집),Tier 2 (Medium),2. 일식 (정식・초밥),"무제스시초밥,롤",서울 종로구 대학로9길 22-5 1층,,초밥,대학로 초밥
1364410611,Route 6 (종로구 밀집),Tier 2 (Medium),7. 한식 (일반 찌개・탕 전문점),청년밥상문간 슬로우점한식,서울 종로구 동숭3길 33 지하1층,0507-1369-6031,김치찌개,대학로 김치찌개
2041970151,Route 7 (종로구 밀집),Tier 1 (High),8. 한식 (해물 찌개・탕 전문점),양은이네 종로3가역점한식,서울 종로구 수표로 118 1층,0507-1490-7962,동태탕,종로 동태탕
1886374319,Route 7 (종로구 밀집),Tier 1 (High),1. 일식 (선술집),라우드 플레이리스트이자카야,서울 종로구 수표로20길 17,,이자카야,종로 이자카야
1208858427,Route 7 (종로구 밀집),Tier 1 (High),3. 일식 (우동・소바),오레노 야끼 종로점,서울 종로구 우정국로 45-27 1층,0507-1449-0575,소바,종로 소바
1093264260,Route 7 (종로구 밀집),Tier 1 (High),1. 일식 (선술집),갓포우오 종각점,서울 종로구 우정국로2길 21 2층,,이자카야,종로 이자카야
35112214,Route 7 (종로구 밀집),Tier 1 (High),1. 일식 (선술집),술에꼬치다 구뻐,서울 종로구 우정국로2길 34 2층,0507-1472-8113,이자카야,종로구 이자카야 배달 맛집
1139321945,Route 7 (종로구 밀집),Tier 1 (High),1. 일식 (선술집),잔잔 종각점,서울 종로구 우정국로2길 42 1층 잔잔 종각점,,이자카야,종로 이자카야
677534102,Route 7 (종로구 밀집),Tier 1 (High),1. 일식 (선술집),술패도니,서울 종로구 종로10길 13 2층,0507-1383-6599,이자카야,종로 이자카야
1193914144,Route 7 (종로구 밀집),Tier 1 (High),1. 일식 (선술집),이자카야나무 종각점,"서울 종로구 종로10길 16 2, 3층",02-722-6787,이자카야,종로구 이자카야 배달 맛집
1928422606,Route 7 (종로구 밀집),Tier 1 (High),8. 한식 (해물 찌개・탕 전문점),"배부장찌개 종로5가점찌개,전골",서울 종로구 종로33길 14,02-762-7707,동태탕,대학로 동태탕
1585149973,Route 7 (종로구 밀집),Tier 1 (High),8. 한식 (해물 찌개・탕 전문점),"토담골매운탕,해물탕",서울 종로구 종로35길 30-10,02-742-0067,동태탕,대학로 동태탕
20148711,Route 7 (종로구 밀집),Tier 2 (Medium),7. 한식 (일반 찌개・탕 전문점),순대실록 대학로본점,서울 종로구 동숭길 113 1층,02-742-5338,국밥,종로구 국밥 배달 맛집
271866542,Route 7 (종로구 밀집),Tier 2 (Medium),2. 일식 (정식・초밥),교토스시,서울 종로구 동숭길 43 1층,0507-1412-6161,덮밥,대학로 덮밥
1803926134,Route 7 (종로구 밀집),Tier 2 (Medium),2. 일식 (정식・초밥),카산도 혜화대학로점,서울 종로구 동숭길 55 1층 카산도 대학로점,0507-1399-7674,돈카츠,종로구 돈카츠 배달 맛집
1636084766,Route 7 (종로구 밀집),Tier 2 (Medium),7. 한식 (일반 찌개・탕 전문점),합천돼지국밥국밥,서울 종로구 삼일대로 418-3,02-742-4142,국밥,종로 국밥
1118442855,Route 7 (종로구 밀집),Tier 2 (Medium),2. 일식 (정식・초밥),"기꾸스시초밥,롤",서울 종로구 성균관로 2,02-762-5200,스시,대학로 스시
1438050869,Route 7 (종로구 밀집),Tier 2 (Medium),7. 한식 (일반 찌개・탕 전문점),집시포차 혜화점포장마차,서울 종로구 성균관로 21 2층,0507-1336-0149,김치찌개,대학로 김치찌개
1998666930,Route 7 (종로구 밀집),Tier 2 (Medium),7. 한식 (일반 찌개・탕 전문점),다발김치찌개 대학로점,서울 종로구 성균관로 8 2층,507-1339-0190,찌개,종로구 찌개 배달 맛집
1010064951,Route 7 (종로구 밀집),Tier 2 (Medium),7. 한식 (일반 찌개・탕 전문점),준호네부대찌개 성대점,서울 종로구 성균관로5길 9 준호네부대찌개,02-743-9997,찌개,종로구 찌개 배달 맛집
2003404700,Route 7 (종로구 밀집),Tier 2 (Medium),2. 일식 (정식・초밥),코끼리초밥 광화문점,서울 종로구 세종대로 178 지하1층 B109-5호,0507-1307-0890,초밥,종로구 초밥 배달 맛집
1388475660,Route 7 (종로구 밀집),Tier 2 (Medium),7. 한식 (일반 찌개・탕 전문점),북촌무궁화한식,서울 종로구 수표로 126,0507-1488-0945,국밥,종로 국밥
36561359,Route 8 (성동구 밀집),Tier 1 (High),1. 일식 (선술집),해양,서울 성동구 금호로 17 서울숲2차푸르지오,02-2297-0309,이자카야,성동구 이자카야 배달 맛집
1682898142,Route 8 (성동구 밀집),Tier 1 (High),1. 일식 (선술집),키라키라윤 금호점,서울 성동구 독서당로50길 1,070-7797-1212,이자카야,성동구 이자카야 배달 맛집
17924348,Route 8 (성동구 밀집),Tier 1 (High),8. 한식 (해물 찌개・탕 전문점),"생태한마리해물,생선요리",서울 성동구 뚝섬로 408-7,02-464-6640,동태탕,성동구 동태탕 배달 맛집
1394366105,Route 8 (성동구 밀집),Tier 1 (High),1. 일식 (선술집),키키,서울 성동구 뚝섬로7길 6 1층 키키,0507-1491-7181,이자카야,성동구 이자카야 배달 맛집
1673447918,Route 8 (성동구 밀집),Tier 1 (High),8. 한식 (해물 찌개・탕 전문점),양평회관 왕십리본점,서울 성동구 마조로7길 16 본점,507-1328-7230,찌개,성동구 찌개 배달 맛집
13418728,Route 8 (성동구 밀집),Tier 1 (High),8. 한식 (해물 찌개・탕 전문점),"바람부리명태찜 금호점해물,생선요리",서울 성동구 무수막길 3 102호,0507-1497-8189,동태탕,성동구 동태탕 배달 맛집
1319994088,Route 8 (성동구 밀집),Tier 1 (High),8. 한식 (해물 찌개・탕 전문점),푸른바다생선구이,서울 성동구 무학로2나길 28,02-2298-0244,동태탕,성동구 동태탕 배달 맛집
1916392754,Route 8 (성동구 밀집),Tier 1 (High),8. 한식 (해물 찌개・탕 전문점),"마린보이동태해물찜 코다리1번가해물,생선요리",서울 성동구 무학봉16길 24-2 1층,0507-959-7114,동태탕,종로구 동태탕 배달 맛집
1818902068,Route 8 (성동구 밀집),Tier 1 (High),3. 일식 (우동・소바),금금 성수점,서울 성동구 성수이로12길 11 1층 101호,0507-1418-4477,소바,뚝섬로 소바
1133279249,Route 8 (성동구 밀집),Tier 1 (High),3. 일식 (우동・소바),"소바마에 니고우동,소바",서울 성동구 연무장길 39-15 지1층,0507-1336-8454,소바,뚝섬로 소바
1098649673,Route 8 (성동구 밀집),Tier 2 (Medium),7. 한식 (일반 찌개・탕 전문점),유태,서울 성동구 마조로9길 3 1층,0507-1322-3929,국밥,성동구 국밥 배달 맛집
2066290476,Route 8 (성동구 밀집),Tier 2 (Medium),7. 한식 (일반 찌개・탕 전문점),참선주면옥 왕십리본점,"서울 성동구 무학로6길 50 101동 237-1호, 237-2호",0507-1489-9084,국밥,성동구 국밥 배달 맛집
1215915137,Route 8 (성동구 밀집),Tier 2 (Medium),7. 한식 (일반 찌개・탕 전문점),"백채김치찌개 서울숲점찌개,전골",서울 성동구 상원길 24 1층 백채김치찌개,02-6405-7555,김치찌개,성동구 김치찌개 배달 맛집
1365083904,Route 8 (성동구 밀집),Tier 2 (Medium),2. 일식 (정식・초밥),수북동 by 윤경양식당,서울 성동구 서울숲2길 40 1층,0507-1441-2408,돈카츠,성동구 돈카츠 배달 맛집
1029146941,Route 8 (성동구 밀집),Tier 2 (Medium),2. 일식 (정식・초밥),스시도쿠 더성수,서울 성동구 서울숲6길 13 1층 스시도쿠 더성수,0507-1478-0774,초밥,성동구 초밥 배달 맛집
1266088692,Route 8 (성동구 밀집),Tier 2 (Medium),7. 한식 (일반 찌개・탕 전문점),은식당,서울 성동구 성수이로 30-4,,김치찌개,성동구 김치찌개 배달 맛집
1720610031,Route 8 (성동구 밀집),Tier 2 (Medium),7. 한식 (일반 찌개・탕 전문점),천하제일 솥뚜껑,서울 성동구 성수이로7길 27 1층 105-1호,0507-1422-2092,김치찌개,성동구 김치찌개 배달 맛집
2005764240,Route 8 (성동구 밀집),Tier 2 (Medium),2. 일식 (정식・초밥),카이카츠 성수점돈가스,서울 성동구 성수일로12길 26 1층 101호,,돈카츠,성동구 돈카츠 배달 맛집
2082064418,Route 8 (성동구 밀집),Tier 2 (Medium),7. 한식 (일반 찌개・탕 전문점),송탄진대광부대찌개 성수점,서울 성동구 아차산로 97 201호,507-1495-5159,찌개,성동구 찌개 배달 맛집
1689588135,Route 8 (성동구 밀집),Tier 2 (Medium),2. 일식 (정식・초밥),스시카제,서울 성동구 연무장7가길 2 3층,0507-1401-0763,초밥,성동구 초밥 배달 맛집
1890935047,Route 9 (노원구 밀집),Tier 1 (High),1. 일식 (선술집),화연장이자카야,서울 노원구 공릉로 191-5 1층,0507-1369-9078,이자카야,노원구 이자카야 배달 맛집
32591500,Route 9 (노원구 밀집),Tier 1 (High),8. 한식 (해물 찌개・탕 전문점),어장촌생선구이 본점,서울 노원구 노해로75길 14-17,02-938-3456,동태탕,노원구 동태탕 배달 맛집
12069466,Route 9 (노원구 밀집),Tier 1 (High),8. 한식 (해물 찌개・탕 전문점),원명품생태 본점,서울 노원구 노해로75길 14-27 태성빌딩 1층,0507-1364-4208,동태탕,노원구 동태탕 배달 맛집
1404083917,Route 9 (노원구 밀집),Tier 1 (High),1. 일식 (선술집),육연식당 노원점,서울 노원구 노해로85길 17 1층 3호 육연식당,0507-1489-1108,이자카야,노원구 이자카야 배달 맛집
1992603877,Route 9 (노원구 밀집),Tier 1 (High),1. 일식 (선술집),키라키라윤 공릉점,"서울 노원구 동일로184길 69-9 3,4층",0507-1474-1776,이자카야,노원구 이자카야 배달 맛집
19867567,Route 9 (노원구 밀집),Tier 1 (High),8. 한식 (해물 찌개・탕 전문점),생선까시,서울 노원구 동일로191가길 22 1층 생선까시,0507-1393-9294,동태탕,노원구 동태탕 배달 맛집
18064327,Route 9 (노원구 밀집),Tier 1 (High),8. 한식 (해물 찌개・탕 전문점),명천동태찜 낙지볶음,"서울 노원구 동일로203가길 29 128호, 129호",02-948-0338,동태탕,노원구 동태탕 배달 맛집
38322052,Route 9 (노원구 밀집),Tier 1 (High),8. 한식 (해물 찌개・탕 전문점),이어도생선구이,서울 노원구 동일로242가길 22 105호,02-938-3392,동태탕,노원구 동태탕 배달 맛집
35708523,Route 9 (노원구 밀집),Tier 1 (High),1. 일식 (선술집),선수의 생선집이자카야,서울 노원구 석계로 11 2층 선수의생선집,0507-1320-2746,이자카야,노원구 이자카야 배달 맛집
1754278340,Route 9 (노원구 밀집),Tier 1 (High),8. 한식 (해물 찌개・탕 전문점),서울회관 상계점한식,서울 노원구 한글비석로49길 64 1층 서울회관 상계점,02-930-1118,국밥,노원구 국밥 배달 맛집
34585360,Route 9 (노원구 밀집),Tier 2 (Medium),2. 일식 (정식・초밥),스시쟁이 공릉점,서울 노원구 공릉로 197 1층,0507-1306-5944,초밥,노원구 초밥 배달 맛집
1392860167,Route 9 (노원구 밀집),Tier 2 (Medium),7. 한식 (일반 찌개・탕 전문점),"이정림수제햄부대찌개 본점찌개,전골",서울 노원구 공릉로 207 세림빌딩 2층 202호,507-1339-3804,찌개,노원구 찌개 배달 맛집
1705106572,Route 9 (노원구 밀집),Tier 2 (Medium),2. 일식 (정식・초밥),유키가츠&텐동 노원점,서울 노원구 공릉로46길 23 상가동 1층 유키가츠&텐동,0507-1413-4112,돈카츠,노원구 돈카츠 배달 맛집
1769424895,Route 9 (노원구 밀집),Tier 2 (Medium),2. 일식 (정식・초밥),푸른스시 광운대본점,서울 노원구 광운로 33 1층 오른쪽호 푸른스시,02-943-8791,소바,노원구 소바 배달 맛집
173354395,Route 9 (노원구 밀집),Tier 2 (Medium),2. 일식 (정식・초밥),"수시로스시초밥,롤",서울 노원구 노원로 479 1층 수시로스시,02-932-0725,초밥,노원구 초밥 배달 맛집
1501415350,Route 9 (노원구 밀집),Tier 2 (Medium),2. 일식 (정식・초밥),스시통 노원본점,서울 노원구 노해로 517-3 1층 스시통,0507-1466-0675,초밥,노원구 초밥 배달 맛집
2099964039,Route 9 (노원구 밀집),Tier 2 (Medium),2. 일식 (정식・초밥),상무초밥 노원역점,"서울 노원구 노해로83길 21 1층 3, 4호",0507-1397-3388,라멘,노원구 라멘 배달 맛집
2073587805,Route 9 (노원구 밀집),Tier 2 (Medium),2. 일식 (정식・초밥),스시이안앤 공릉역점,서울 노원구 동일로 1083 2층,0507-1395-2340,라멘,노원구 라멘 배달 맛집
1433810061,Route 9 (노원구 밀집),Tier 2 (Medium),7. 한식 (일반 찌개・탕 전문점),명랑부대찌개&낙곱새 중계점,서울 노원구 동일로 1280 상가동 1층 102호,0507-1420-5282,찜닭,노원구 찜닭 배달 맛집
1760994733,Route 9 (노원구 밀집),Tier 2 (Medium),2. 일식 (정식・초밥),으뜸스시 노원직영점,서울 노원구 동일로 1417 2층 204호,0507-1358-6696,초밥,노원구 초밥 배달 맛집
1313273629,Route 10 (강북구 밀집),Tier 1 (High),3. 일식 (우동・소바),51구역,서울 강북구 노해로8길 1 1층 51구역,0507-1380-2203,소바,강북구 소바 배달 맛집
1127551806,Route 10 (강북구 밀집),Tier 1 (High),8. 한식 (해물 찌개・탕 전문점),보승회관 수유점,서울 강북구 노해로8길 22 115호,0507-1386-9913,국밥,강북구 국밥 배달 맛집
1271223113,Route 10 (강북구 밀집),Tier 1 (High),8. 한식 (해물 찌개・탕 전문점),박순이당진아구동태찜탕 미아역점,서울 강북구 도봉로 201,02-985-7878,동태탕,강북구 동태탕 배달 맛집
1499223178,Route 10 (강북구 밀집),Tier 1 (High),8. 한식 (해물 찌개・탕 전문점),미아회관,서울 강북구 도봉로10가길 15 1층,,김치찌개,강북구 김치찌개 배달 맛집
11889904,Route 10 (강북구 밀집),Tier 1 (High),8. 한식 (해물 찌개・탕 전문점),미삼참치,서울 강북구 도봉로10길 22 1층,0507-1382-0764,동태탕,강북구 동태탕 배달 맛집
1174905682,Route 10 (강북구 밀집),Tier 1 (High),3. 일식 (우동・소바),통통국수,서울 강북구 도봉로10길 70 1층,0507-1419-9221,소바,강북구 소바 배달 맛집
2086035646,Route 10 (강북구 밀집),Tier 1 (High),1. 일식 (선술집),시로야이자카야,서울 강북구 도봉로87길 32-4 1층,02-6221-2210,이자카야,강북구 이자카야 배달 맛집
1756703719,Route 10 (강북구 밀집),Tier 1 (High),3. 일식 (우동・소바),분코 수유점,서울 강북구 도봉로87길 34-4 2층 분코,0507-1345-6451,소바,강북구 소바 배달 맛집
13190039,Route 10 (강북구 밀집),Tier 1 (High),3. 일식 (우동・소바),토방,서울 강북구 삼각산로 63 1층,0507-1360-6802,소바,강북구 소바 배달 맛집
1410879046,Route 10 (강북구 밀집),Tier 1 (High),8. 한식 (해물 찌개・탕 전문점),배부장찌개 솔샘미아점,서울 강북구 삼양로27길 80 아파트상가 배부장찌개 솔샘미아점,02-989-8800,동태탕,강북구 동태탕 배달 맛집
2096704816,Route 10 (강북구 밀집),Tier 2 (Medium),2. 일식 (정식・초밥),"스시연초밥,롤",서울 강북구 노해로 21 1층,0507-1436-1692,초밥,강북구 초밥 배달 맛집
1274923903,Route 10 (강북구 밀집),Tier 2 (Medium),7. 한식 (일반 찌개・탕 전문점),고기반햄반김치찌개&김치찜 수유본점,서울 강북구 덕릉로 93-9 1층,0507-1397-1602,제육,강북구 제육 배달 맛집
1503419558,Route 10 (강북구 밀집),Tier 2 (Medium),7. 한식 (일반 찌개・탕 전문점),낌치집,서울 강북구 덕릉로30길 3 1층 낌치집,070-4110-2032,김치찌개,강북구 김치찌개 배달 맛집
1500809392,Route 10 (강북구 밀집),Tier 2 (Medium),2. 일식 (정식・초밥),김승현스시 미아점,"서울 강북구 도봉로 174 1층 102, 103호",0507-1312-6168,초밥,강북구 초밥 배달 맛집
2075424014,Route 10 (강북구 밀집),Tier 2 (Medium),2. 일식 (정식・초밥),우동키노야 미아역점,서울 강북구 도봉로 184 1층,02-980-8089,돈카츠,강북구 돈카츠 배달 맛집
1843148442,Route 10 (강북구 밀집),Tier 2 (Medium),7. 한식 (일반 찌개・탕 전문점),원조감자탕일미집 수유점,서울 강북구 도봉로 290 1층 110호,0507-1358-3141,백반,강북구 백반 배달 맛집
1245035796,Route 10 (강북구 밀집),Tier 2 (Medium),2. 일식 (정식・초밥),썬데이스낵,서울 강북구 도봉로10길 54 남상빌딩 1층,0507-1380-0062,돈카츠,강북구 돈카츠 배달 맛집
32308201,Route 10 (강북구 밀집),Tier 2 (Medium),7. 한식 (일반 찌개・탕 전문점),"의정부부대찌개찌개,전골",서울 강북구 도봉로6길 12 1층,507-1375-8068,찌개,강북구 찌개 배달 맛집
38281357,Route 10 (강북구 밀집),Tier 2 (Medium),7. 한식 (일반 찌개・탕 전문점),"엄마손맛꼬리곰탕곰탕,설렁탕",서울 강북구 도봉로95길 57 1층 좌측,02-999-4527,백반,강북구 백반 배달 맛집
1108142394,Route 10 (강북구 밀집),Tier 2 (Medium),7. 한식 (일반 찌개・탕 전문점),"신의주찹쌀순대 우이솔밭공원점순대,순댓국",서울 강북구 삼양로 573 1층 신의주찹쌀순대 우이솔밭공원점,02-997-8887,국밥,강북구 국밥 배달 맛집
1943190074,Route 11 (성북구 밀집),Tier 1 (High),3. 일식 (우동・소바),특별식당,서울 성북구 개운사길 22-6 2층,0507-1319-8371,소바,성북구 소바 배달 맛집
38276703,Route 11 (성북구 밀집),Tier 1 (High),1. 일식 (선술집),희야 이자카야,서울 성북구 고려대로26길 32 1F,0507-1380-5191,이자카야,성북구 이자카야 배달 맛집
1817803613,Route 11 (성북구 밀집),Tier 1 (High),1. 일식 (선술집),90엔포차,서울 성북구 고려대로26길 55 2층,0507-1326-5462,이자카야,성북구 이자카야 배달 맛집
1814269927,Route 11 (성북구 밀집),Tier 1 (High),1. 일식 (선술집),쿠마,서울 성북구 고려대로26길 9 1층 쿠마,02-922-3222,이자카야,성북구 이자카야 배달 맛집
1547550274,Route 11 (성북구 밀집),Tier 1 (High),8. 한식 (해물 찌개・탕 전문점),"해물명가해물,생선요리",서울 성북구 동소문로15길 1 1층,0507-1383-6117,동태탕,종로구 동태탕 배달 맛집
1101478984,Route 11 (성북구 밀집),Tier 1 (High),1. 일식 (선술집),연꽃치 성신여대점,서울 성북구 동소문로20길 37-11 1층,0507-1385-2824,이자카야,성북구 이자카야 배달 맛집
1818519475,Route 11 (성북구 밀집),Tier 1 (High),1. 일식 (선술집),볼하이 성신여대점,서울 성북구 동소문로22길 33-6 1층,0507-1329-8861,이자카야,성북구 이자카야 배달 맛집
1286254170,Route 11 (성북구 밀집),Tier 1 (High),8. 한식 (해물 찌개・탕 전문점),"미각아구동태해물찜 탕아귀찜,해물찜",서울 성북구 보국문로 54-1 1층,02-909-2959,동태탕,종로구 동태탕 배달 맛집
1790181428,Route 11 (성북구 밀집),Tier 1 (High),3. 일식 (우동・소바),소바의온도 성신여대점일식당,서울 성북구 보문로34길 15 2층,070-8287-2040,소바,성북구 소바 배달 맛집
1603072773,Route 11 (성북구 밀집),Tier 1 (High),3. 일식 (우동・소바),츠루츠루 마제소바,서울 성북구 삼선교로24길 41 1층,0507-1485-0186,라멘,종로구 라멘 배달 맛집
1249486886,Route 11 (성북구 밀집),Tier 2 (Medium),2. 일식 (정식・초밥),백호카츠 고려대점돈가스,서울 성북구 고려대로27길 34 1층,0507-1315-1037,돈카츠,성북구 돈카츠 배달 맛집
1708207755,Route 11 (성북구 밀집),Tier 2 (Medium),2. 일식 (정식・초밥),"스시미소초밥,롤","서울 성북구 고려대로28길 25 1,2층",0507-1340-3539,초밥,성북구 초밥 배달 맛집
1494361076,Route 11 (성북구 밀집),Tier 2 (Medium),2. 일식 (정식・초밥),주대국초밥집 길음점일식당,"서울 성북구 길음로 33 상가비동 지1층 8,9,10호",02-909-6652,라멘,성북구 라멘 배달 맛집
1012216492,Route 11 (성북구 밀집),Tier 2 (Medium),7. 한식 (일반 찌개・탕 전문점),화포식당 장위뉴타운점,서울 성북구 돌곶이로40길 46 꿈의숲아이파크 1층 2호,0507-1312-1284,김치찌개,성북구 김치찌개 배달 맛집
2042788052,Route 11 (성북구 밀집),Tier 2 (Medium),7. 한식 (일반 찌개・탕 전문점),"신의주찹쌀순대 장위점순대,순댓국",서울 성북구 돌곶이로41가길 2 1층 101호,0507-1451-2636,국밥,성북구 국밥 배달 맛집
1175689621,Route 11 (성북구 밀집),Tier 2 (Medium),2. 일식 (정식・초밥),밀튼가츠멘,서울 성북구 동소문로 65-2 삼송빌딩1층,02-928-8851,돈카츠,성북구 돈카츠 배달 맛집
20800136,Route 11 (성북구 밀집),Tier 2 (Medium),7. 한식 (일반 찌개・탕 전문점),그남자 김치찌개한식,서울 성북구 동소문로20다길 4 2층,0507-1333-1786,김치찌개,성북구 김치찌개 배달 맛집
130074875,Route 11 (성북구 밀집),Tier 2 (Medium),2. 일식 (정식・초밥),도쿄커틀릿 성신여대점,서울 성북구 동소문로22길 57-1,0507-1360-4052,돈카츠,성북구 돈카츠 배달 맛집
37822466,Route 11 (성북구 밀집),Tier 2 (Medium),2. 일식 (정식・초밥),스시현,서울 성북구 동소문로8길 16 1층 스시현,0507-1331-2265,초밥,성북구 초밥 배달 맛집
1064416403,Route 11 (성북구 밀집),Tier 2 (Medium),2. 일식 (정식・초밥),대단한돈까스 서울정릉점돈가스,서울 성북구 보국문로 13-1 2층,0507-1351-0886,돈카츠,성북구 돈카츠 배달 맛집
17972339,Route 12 (광진구 밀집),Tier 1 (High),3. 일식 (우동・소바),장가 메차쿠차돈가스,서울 광진구 구의강변로3길 11 지하1층 메차쿠차,02-453-9733,소바,광진구 소바 배달 맛집
1739971238,Route 12 (광진구 밀집),Tier 1 (High),1. 일식 (선술집),육회공작소 세종대본점,서울 광진구 군자로 50 1층 육회공작소 세종대점,0507-1363-9335,이자카야,광진구 이자카야 배달 맛집
1935626063,Route 12 (광진구 밀집),Tier 1 (High),1. 일식 (선술집),환심,서울 광진구 능동로13길 27 지하1층,0507-1423-1384,이자카야,광진구 이자카야 배달 맛집
1906117997,Route 12 (광진구 밀집),Tier 1 (High),8. 한식 (해물 찌개・탕 전문점),보승회관 성수건대점,서울 광진구 동일로 170,0507-1316-3397,국밥,광진구 국밥 배달 맛집
1024511106,Route 12 (광진구 밀집),Tier 1 (High),1. 일식 (선술집),서울낙업 건대본점,서울 광진구 동일로22길 117-23 지하1층,0507-1385-0071,이자카야,광진구 이자카야 배달 맛집
1282755585,Route 12 (광진구 밀집),Tier 1 (High),1. 일식 (선술집),심야식당 후타리,서울 광진구 동일로22길 32,0507-1385-6825,이자카야,광진구 이자카야 배달 맛집
13067607,Route 12 (광진구 밀집),Tier 1 (High),8. 한식 (해물 찌개・탕 전문점),최원석의돼지한판&서해쭈꾸미 건대1호점,서울 광진구 아차산로 199 성빌딩,507-1340-1272,찌개,광진구 찌개 배달 맛집
1920013537,Route 12 (광진구 밀집),Tier 1 (High),1. 일식 (선술집),코이,서울 광진구 아차산로 431 강변sk뷰 102동 B106호,0507-1449-1210,이자카야,광진구 이자카야 배달 맛집
1188820609,Route 12 (광진구 밀집),Tier 1 (High),3. 일식 (우동・소바),주민카츠,서울 광진구 아차산로 624 1층 101호,0507-1323-5317,소바,광진구 소바 배달 맛집
1718483751,Route 12 (광진구 밀집),Tier 1 (High),1. 일식 (선술집),코후쿠,서울 광진구 아차산로29길 24 2층 코후쿠이자카야,0507-1421-3842,이자카야,광진구 이자카야 배달 맛집
734317313,Route 12 (광진구 밀집),Tier 2 (Medium),2. 일식 (정식・초밥),와꼬 구의본점,서울 광진구 구의강변로 90 2층,0507-1492-0250,초밥,광진구 초밥 배달 맛집
2063153676,Route 12 (광진구 밀집),Tier 2 (Medium),7. 한식 (일반 찌개・탕 전문점),감동국밥 본점국밥,서울 광진구 군자로 81 1층 내제나호,0507-1325-1480,국밥,광진구 국밥 배달 맛집
1654773424,Route 12 (광진구 밀집),Tier 2 (Medium),7. 한식 (일반 찌개・탕 전문점),류가네국밥&전,서울 광진구 긴고랑로 45 1층 류가네 국밥 & 전,0507-1493-0326,국밥,광진구 국밥 배달 맛집
1589007709,Route 12 (광진구 밀집),Tier 2 (Medium),7. 한식 (일반 찌개・탕 전문점),국밥 참 맛있는 집 서울중곡점국밥,서울 광진구 긴고랑로 72 1층,02-456-0687,국밥,광진구 국밥 배달 맛집
2074189698,Route 12 (광진구 밀집),Tier 2 (Medium),2. 일식 (정식・초밥),스시온기 화양,서울 광진구 능동로 185 1층,02-461-7788,초밥,광진구 초밥 배달 맛집
1093710249,Route 12 (광진구 밀집),Tier 2 (Medium),2. 일식 (정식・초밥),카츠 헤세드 어린이대공원점,서울 광진구 능동로 246 2층,0507-1420-5915,돈카츠,광진구 돈카츠 배달 맛집
1923789875,Route 12 (광진구 밀집),Tier 2 (Medium),2. 일식 (정식・초밥),스시오가,서울 광진구 능동로 69 1층 120호,0507-1380-7457,초밥,광진구 초밥 배달 맛집
1698466474,Route 12 (광진구 밀집),Tier 2 (Medium),2. 일식 (정식・초밥),육초연 건대점,서울 광진구 동일로20길 89 1층,0507-1390-2236,초밥,광진구 초밥 배달 맛집
2054013716,Route 12 (광진구 밀집),Tier 2 (Medium),2. 일식 (정식・초밥),일심스시,서울 광진구 동일로22길 80 2층,0507-1449-3129,초밥,광진구 초밥 배달 맛집
1579736550,Route 12 (광진구 밀집),Tier 2 (Medium),7. 한식 (일반 찌개・탕 전문점),륜식당한식,서울 광진구 뚝섬로 651 1층,02-454-5324,김치찌개,광진구 김치찌개 배달 맛집
1770334939,Route 13 (동대문구 밀집),Tier 1 (High),8. 한식 (해물 찌개・탕 전문점),거복이식당 회기 본점,서울 동대문구 경희대로3길 6,507-1373-1559,찌개,동대문구 찌개 배달 맛집
1513526501,Route 13 (동대문구 밀집),Tier 1 (High),8. 한식 (해물 찌개・탕 전문점),미아회관 제기직영점,서울 동대문구 고산자로 488 1층,0507-1348-5497,김치찌개,동대문구 김치찌개 배달 맛집
2058610771,Route 13 (동대문구 밀집),Tier 1 (High),3. 일식 (우동・소바),몽밀 정릉천점일식당,서울 동대문구 고산자로56길 30-1 1층 몽밀 정릉천점,0507-1384-9497,소바,동대문구 소바 배달 맛집
1981220608,Route 13 (동대문구 밀집),Tier 1 (High),1. 일식 (선술집),보송보송타코야끼,서울 동대문구 답십리로 82 1층,070-8656-0679,이자카야,동대문구 이자카야 배달 맛집
1570886557,Route 13 (동대문구 밀집),Tier 1 (High),1. 일식 (선술집),청담이상 휘경점,서울 동대문구 망우로14길 10,02-2248-2716,이자카야,동대문구 이자카야 배달 맛집
2080353655,Route 13 (동대문구 밀집),Tier 1 (High),1. 일식 (선술집),안다미로이자카야,"서울 동대문구 왕산로 92 1층 101, 102호",0507-1434-1521,이자카야,동대문구 이자카야 배달 맛집
978480649,Route 13 (동대문구 밀집),Tier 1 (High),8. 한식 (해물 찌개・탕 전문점),정봉자당진아구동태찜탕,서울 동대문구 장한로 162 1층(봉자아구해물찜탕),0507-1312-6494,동태탕,성동구 동태탕 배달 맛집
1098897356,Route 13 (동대문구 밀집),Tier 1 (High),1. 일식 (선술집),시효 이자카야이자카야,서울 동대문구 장한로14길 8 1층,0507-1366-2074,이자카야,동대문구 이자카야 배달 맛집
1991938450,Route 13 (동대문구 밀집),Tier 1 (High),1. 일식 (선술집),주로,"서울 동대문구 한빛로 73 상가동1층105,106호",0507-1480-3477,이자카야,동대문구 이자카야 배달 맛집
2011018653,Route 13 (동대문구 밀집),Tier 1 (High),3. 일식 (우동・소바),나은이네,"서울 동대문구 회기로21가길 22 지하 1층, 1층, 2층",0507-1487-1629,소바,동대문구 소바 배달 맛집
1298295939,Route 13 (동대문구 밀집),Tier 2 (Medium),7. 한식 (일반 찌개・탕 전문점),아침점심저녁 과기대점한식,서울 노원구 공릉로 225 나동 4호 아침점심저녁,0507-1329-2698,김치찌개,노원구 김치찌개 배달 맛집
1038414907,Route 13 (동대문구 밀집),Tier 2 (Medium),7. 한식 (일반 찌개・탕 전문점),제주미향해장 본점,서울 동대문구 경동시장로10길 46 1층,02-6949-3353,국밥,동대문구 국밥 배달 맛집
2037707338,Route 13 (동대문구 밀집),Tier 2 (Medium),2. 일식 (정식・초밥),경희경양식,서울 동대문구 경희대로1가길 6 1층,0507-1351-9433,돈카츠,동대문구 돈카츠 배달 맛집
1253567473,Route 13 (동대문구 밀집),Tier 2 (Medium),7. 한식 (일반 찌개・탕 전문점),경동관 나주곰탕나주전 경동시장점,서울 동대문구 고산자로 428 1층 경동관 나주곰탕나주전 경동시장점,0507-1488-7898,국밥,동대문구 국밥 배달 맛집
2005130475,Route 13 (동대문구 밀집),Tier 2 (Medium),2. 일식 (정식・초밥),시카고왕돈까스,서울 동대문구 답십리로 27 나동 1층 103호,0507-1395-0580,돈카츠,동대문구 돈카츠 배달 맛집
1093941969,Route 13 (동대문구 밀집),Tier 2 (Medium),2. 일식 (정식・초밥),진심왕돈까스 장안점,서울 동대문구 답십리로 298 1층,0507-1329-7361,돈카츠,동대문구 돈카츠 배달 맛집
1372343971,Route 13 (동대문구 밀집),Tier 2 (Medium),2. 일식 (정식・초밥),오늘동 청량리본점,서울 동대문구 답십리로 61-1 1층,0507-1333-4909,돈카츠,동대문구 돈카츠 배달 맛집
1101197134,Route 13 (동대문구 밀집),Tier 2 (Medium),7. 한식 (일반 찌개・탕 전문점),소문난의정부부대찌개 고대점,서울 동대문구 안암로22길 5 소문난의정부부대찌개 고대점,507-1391-3347,찌개,동대문구 찌개 배달 맛집
1640933664,Route 13 (동대문구 밀집),Tier 2 (Medium),2. 일식 (정식・초밥),스시반상,서울 동대문구 왕산로3길 16 1층,0507-1461-7224,초밥,동대문구 초밥 배달 맛집
1872201906,Route 13 (동대문구 밀집),Tier 2 (Medium),2. 일식 (정식・초밥),"김시우초밥 장안점초밥,롤",서울 동대문구 장한로2길 23 1층,0507-1310-7353,라멘,동대문구 라멘 배달 맛집
1704551824,Route 14 (영등포구 밀집),Tier 1 (High),1. 일식 (선술집),미츠바,서울 영등포구 경인로77길 14 영문빌딩 1층 107호,0507-1360-5201,이자카야,영등포구 이자카야 배달 맛집
2087933571,Route 14 (영등포구 밀집),Tier 1 (High),3. 일식 (우동・소바),"우동명가 다카마쓰 여의도직영점우동,소바",서울 영등포구 국제금융로6길 33 B1층 12호,0507-1331-8487,소바,영등포구 소바 배달 맛집
1043462991,Route 14 (영등포구 밀집),Tier 1 (High),1. 일식 (선술집),이자카야나무 서여의도점,서울 영등포구 국회대로72길 22 2층,0507-1309-6787,이자카야,영등포구 이자카야 배달 맛집
1546253107,Route 14 (영등포구 밀집),Tier 1 (High),1. 일식 (선술집),꼬치공방 문래점,서울 영등포구 당산로 34 1층 131호 꼬치공방,02-3667-1113,이자카야,영등포구 이자카야 배달 맛집
1035064468,Route 14 (영등포구 밀집),Tier 1 (High),3. 일식 (우동・소바),카츠쇼쿠도우 영등포구청점,서울 영등포구 당산로 83 한화포레나당산 1층 104호,0507-1399-0144,소바,영등포구 소바 배달 맛집
1087870997,Route 14 (영등포구 밀집),Tier 1 (High),8. 한식 (해물 찌개・탕 전문점),마라도아구찜,서울 영등포구 당산로31길 25 1층,02-2671-0747,동태탕,영등포구 동태탕 배달 맛집
1885199103,Route 14 (영등포구 밀집),Tier 1 (High),8. 한식 (해물 찌개・탕 전문점),양은이네 영등포구청직영점,서울 영등포구 당산로32길 12 1층,0507-1425-1267,동태탕,영등포구 동태탕 배달 맛집
1755043377,Route 14 (영등포구 밀집),Tier 1 (High),8. 한식 (해물 찌개・탕 전문점),1981 미나리 동태탕,서울 영등포구 도림로 489 1층,0507-1473-3419,동태탕,영등포구 동태탕 배달 맛집
1547944411,Route 14 (영등포구 밀집),Tier 1 (High),8. 한식 (해물 찌개・탕 전문점),"해담촌 아구찜해물탕 신길본점아귀찜,해물찜",서울 영등포구 도신로62길 3 1층,0507-1336-2632,동태탕,영등포구 동태탕 배달 맛집
2038079172,Route 14 (영등포구 밀집),Tier 1 (High),8. 한식 (해물 찌개・탕 전문점),양은이네 선유도역점,서울 영등포구 양평로21길 1 1층,0507-1444-5442,동태탕,영등포구 동태탕 배달 맛집
1233925038,Route 14 (영등포구 밀집),Tier 2 (Medium),2. 일식 (정식・초밥),카츠아지 여의도점돈가스,"서울 영등포구 국제금융로 39 브라이튼 지하1층 108, 109, 110호",02-780-7982,돈카츠,영등포구 돈카츠 배달 맛집
18584231,Route 14 (영등포구 밀집),Tier 2 (Medium),2. 일식 (정식・초밥),모모돈까스돈가스,서울 영등포구 국제금융로 78 111호,02-782-2939,돈카츠,영등포구 돈카츠 배달 맛집
1043734612,Route 14 (영등포구 밀집),Tier 2 (Medium),7. 한식 (일반 찌개・탕 전문점),여의도삼계탕,서울 영등포구 국제금융로2길 24 2층,0507-1444-2043,찜닭,영등포구 찜닭 배달 맛집
1172825681,Route 14 (영등포구 밀집),Tier 2 (Medium),7. 한식 (일반 찌개・탕 전문점),원조감자탕일미집 여의도점한식,서울 영등포구 국제금융로8길 25 B107,0507-1394-4323,백반,영등포구 백반 배달 맛집
38276590,Route 14 (영등포구 밀집),Tier 2 (Medium),7. 한식 (일반 찌개・탕 전문점),"한방대가삼계탕 여의도점백숙,삼계탕",서울 영등포구 국회대로72길 22 가든빌딩 1층 한방대가삼계탕,02-783-7892,찜닭,영등포구 찜닭 배달 맛집
36511532,Route 14 (영등포구 밀집),Tier 2 (Medium),7. 한식 (일반 찌개・탕 전문점),고봉삼계탕,서울 영등포구 국회대로72길 5 여의도 플렉시움 오피스텔,02-785-3877,찜닭,영등포구 찜닭 배달 맛집
1018743478,Route 14 (영등포구 밀집),Tier 2 (Medium),7. 한식 (일반 찌개・탕 전문점),맨날먹는김치찌개 영등포구청점한식,서울 영등포구 당산로31길 19 1층 맨날먹는 김치찌개,02-2678-1388,김치찌개,영등포구 김치찌개 배달 맛집
1625468259,Route 14 (영등포구 밀집),Tier 2 (Medium),2. 일식 (정식・초밥),미락카츠 본점돈가스,서울 영등포구 당산로35길 4-19 2층 미락카츠 본점,070-7677-8559,돈카츠,영등포구 돈카츠 배달 맛집
1398199454,Route 14 (영등포구 밀집),Tier 2 (Medium),7. 한식 (일반 찌개・탕 전문점),"온향집순대,순댓국",서울 영등포구 문래북로 52 1층,02-2633-6665,국밥,영등포구 국밥 배달 맛집
1257038561,Route 14 (영등포구 밀집),Tier 2 (Medium),7. 한식 (일반 찌개・탕 전문점),3일 한우국밥 문래직영점,"서울 영등포구 선유로17길 24 1층 108,118,119호(문래동6가, 신일아르디세)",02-2675-0117,국밥,영등포구 국밥 배달 맛집
807065794,Route 15 (마포구 밀집),Tier 1 (High),8. 한식 (해물 찌개・탕 전문점),동해안생태찌개생선회,서울 마포구 도화길 51,0507-1463-3497,동태탕,마포구 동태탕 배달 맛집
37992380,Route 15 (마포구 밀집),Tier 1 (High),8. 한식 (해물 찌개・탕 전문점),"해운해물탕매운탕,해물탕",서울 마포구 독막로 288,0504-566-6088,동태탕,마포구 동태탕 배달 맛집
37176082,Route 15 (마포구 밀집),Tier 1 (High),1. 일식 (선술집),히로 연남본점,서울 마포구 동교로 276 2층,0507-1407-4795,이자카야,마포구 이자카야 배달 맛집
1825043711,Route 15 (마포구 밀집),Tier 1 (High),8. 한식 (해물 찌개・탕 전문점),어사출또 홍대점,서울 마포구 동교로27길 8 호성빌딩 1층,0507-1436-7346,동태탕,마포구 동태탕 배달 맛집
1115466752,Route 15 (마포구 밀집),Tier 1 (High),8. 한식 (해물 찌개・탕 전문점),찬란한아구 공덕직영점,서울 마포구 마포대로 92 B동 1층 8호,0507-1495-2929,동태탕,마포구 동태탕 배달 맛집
1931292312,Route 15 (마포구 밀집),Tier 1 (High),3. 일식 (우동・소바),열정타코 연남본점,서울 마포구 성미산로29길 20 지1층 B03호,0507-1386-1365,소바,마포구 소바 배달 맛집
1125037096,Route 15 (마포구 밀집),Tier 1 (High),1. 일식 (선술집),네즈,서울 마포구 성지3길 60 2층,0507-1343-1175,이자카야,마포구 이자카야 배달 맛집
1848350637,Route 15 (마포구 밀집),Tier 1 (High),1. 일식 (선술집),이자카야 연정,서울 마포구 양화로23길 24 2층 일부,0507-1370-9339,이자카야,마포구 이자카야 배달 맛집
1287080078,Route 15 (마포구 밀집),Tier 1 (High),1. 일식 (선술집),미식가주택 홍대 상수점이자카야,서울 마포구 와우산로 15-5 1층,0507-1329-9808,이자카야,마포구 이자카야 배달 맛집
56228015,Route 15 (마포구 밀집),Tier 1 (High),3. 일식 (우동・소바),우와 홍대본점,서울 마포구 와우산로21길 21-16 2층,0507-1414-9500,소바,마포구 소바 배달 맛집
37695398,Route 15 (마포구 밀집),Tier 2 (Medium),7. 한식 (일반 찌개・탕 전문점),"지호한방삼계탕 마포대흥역점백숙,삼계탕",서울 마포구 독막로 229 1층,02-323-9933,찜닭,마포구 찜닭 배달 맛집
1428469944,Route 15 (마포구 밀집),Tier 2 (Medium),2. 일식 (정식・초밥),올바른스시 홍대역직영점,서울 마포구 동교로 199-1 1층 올바른스시,02-3141-8833,스시,마포구 스시 배달 맛집
32799839,Route 15 (마포구 밀집),Tier 2 (Medium),7. 한식 (일반 찌개・탕 전문점),월강부산돼지국밥국밥,서울 마포구 동교로 241-1 월강부산돼지국밥,02-326-5800,백반,마포구 백반 배달 맛집
1232680964,Route 15 (마포구 밀집),Tier 2 (Medium),2. 일식 (정식・초밥),연미정 연어 연남본점,서울 마포구 동교로 262-11 1층,0507-1384-2621,초밥,마포구 초밥 배달 맛집
1636096003,Route 15 (마포구 밀집),Tier 2 (Medium),2. 일식 (정식・초밥),카츠몬스터 연남본점,서울 마포구 동교로38길 42-6 1층 101호 카츠몬스터 연남본점,0507-1402-1382,돈카츠,마포구 돈카츠 배달 맛집
1856209406,Route 15 (마포구 밀집),Tier 2 (Medium),7. 한식 (일반 찌개・탕 전문점),호랭이곳간 공덕점,서울 마포구 마포대로8길 13 1층 101호 호랭이곳간,0507-1339-7149,국밥,마포구 국밥 배달 맛집
1038806414,Route 15 (마포구 밀집),Tier 2 (Medium),2. 일식 (정식・초밥),망원돈까스,서울 마포구 망원로8길 74,0507-1317-1666,돈카츠,마포구 돈카츠 배달 맛집
1904969938,Route 15 (마포구 밀집),Tier 2 (Medium),2. 일식 (정식・초밥),김재운 초밥사랑 공덕점,서울 마포구 백범로 170,0507-1331-7787,초밥,마포구 초밥 배달 맛집
1073506193,Route 15 (마포구 밀집),Tier 2 (Medium),2. 일식 (정식・초밥),카츠토랑 성산연남본점,서울 마포구 성미산로 95,0507-1385-3782,돈카츠,마포구 돈카츠 배달 맛집
1769475988,Route 15 (마포구 밀집),Tier 2 (Medium),7. 한식 (일반 찌개・탕 전문점),"백채김치찌개 합정역점찌개,전골",서울 마포구 성지길 24,02-336-8258,김치찌개,마포구 김치찌개 배달 맛집
1071476394,Route 16 (양천구 밀집),Tier 1 (High),1. 일식 (선술집),키라키라윤 월계인덕점,서울 노원구 월계로 338 신도브래뉴 104동 상가 1층,070-8848-1211,이자카야,노원구 이자카야 배달 맛집
37174865,Route 16 (양천구 밀집),Tier 1 (High),3. 일식 (우동・소바),갓포 쿠마카세,서울 양천구 목동동로 226-11 1층,02-333-3376,소바,양천구 소바 배달 맛집
19949106,Route 16 (양천구 밀집),Tier 1 (High),8. 한식 (해물 찌개・탕 전문점),"청정동태탕해물,생선요리",서울 양천구 목동동로 431 우방빌딩 3층 303호,0507-1377-0870,동태탕,양천구 동태탕 배달 맛집
1247379744,Route 16 (양천구 밀집),Tier 1 (High),1. 일식 (선술집),목동연어,서울 양천구 목동로15길 8 101동 1층 상가 6호,0507-1303-1855,이자카야,양천구 이자카야 배달 맛집
1717899396,Route 16 (양천구 밀집),Tier 1 (High),8. 한식 (해물 찌개・탕 전문점),동해해물탕한식,서울 양천구 목동로21길 1 1층 동해해물탕,02-2604-1999,동태탕,양천구 동태탕 배달 맛집
1492524137,Route 16 (양천구 밀집),Tier 1 (High),8. 한식 (해물 찌개・탕 전문점),조선아구찜 본점,서울 양천구 신월로38길 11 . 1층,02-2646-8259,동태탕,양천구 동태탕 배달 맛집
1654953290,Route 16 (양천구 밀집),Tier 1 (High),1. 일식 (선술집),이자카야 우규 목동점,서울 양천구 신정중앙로 95 1층,0507-1391-5040,이자카야,양천구 이자카야 배달 맛집
1270210820,Route 16 (양천구 밀집),Tier 1 (High),3. 일식 (우동・소바),하이,서울 양천구 오목로 313-1 2층,0507-1350-7743,소바,양천구 소바 배달 맛집
2068790805,Route 16 (양천구 밀집),Tier 1 (High),1. 일식 (선술집),오사카비이루룸술집 오목교역점,서울 양천구 오목로 337-10 2층 203호,0507-1331-3906,이자카야,양천구 이자카야 배달 맛집
1650023028,Route 16 (양천구 밀집),Tier 1 (High),1. 일식 (선술집),사쿠라테이엔 오목교직영점,"서울 양천구 오목로 345 슬로우스퀘어 1층 127호, 128호",0507-1331-7614,이자카야,양천구 이자카야 배달 맛집
2078024213,Route 16 (양천구 밀집),Tier 2 (Medium),2. 일식 (정식・초밥),"명성우동우동,소바",서울 양천구 국회대로10길 16 1층 명성우동,0507-1498-1731,돈카츠,양천구 돈카츠 배달 맛집
38277611,Route 16 (양천구 밀집),Tier 2 (Medium),2. 일식 (정식・초밥),기가스시 등촌점일식당,서울 양천구 등촌로 178 1층 기가스시,02-2646-4346,초밥,양천구 초밥 배달 맛집
1308298219,Route 16 (양천구 밀집),Tier 2 (Medium),2. 일식 (정식・초밥),"이키이키우동,소바",서울 양천구 목동동로14길 10 1층,0507-1346-0736,돈카츠,양천구 돈카츠 배달 맛집
2033611454,Route 16 (양천구 밀집),Tier 2 (Medium),2. 일식 (정식・초밥),카츠패밀리 목동14단지점,서울 양천구 목동동로8길 25 1층 101호,0507-1395-7813,돈카츠,양천구 돈카츠 배달 맛집
1864310140,Route 16 (양천구 밀집),Tier 2 (Medium),2. 일식 (정식・초밥),가츠앤밀 목동본점돈가스,서울 양천구 목동로 224 대원칸타빌 1차아파트 상가 101-2호,0507-1344-1425,돈카츠,양천구 돈카츠 배달 맛집
1211370297,Route 16 (양천구 밀집),Tier 2 (Medium),7. 한식 (일반 찌개・탕 전문점),현대옥 목동역점국밥,서울 양천구 목동로25길 1 1층,0507-1344-0965,국밥,양천구 국밥 배달 맛집
1373505113,Route 16 (양천구 밀집),Tier 2 (Medium),2. 일식 (정식・초밥),"서울초밥 목동점초밥,롤","서울 양천구 목동서로 49 광장종합상가3 104,105호",02-2061-5551,초밥,양천구 초밥 배달 맛집
1740060129,Route 16 (양천구 밀집),Tier 2 (Medium),7. 한식 (일반 찌개・탕 전문점),정칠구 백순대&순대국 염창역점,서울 양천구 목동중앙북로 65 에이동 1층,02-6369-9644,국밥,양천구 국밥 배달 맛집
1936172952,Route 16 (양천구 밀집),Tier 2 (Medium),2. 일식 (정식・초밥),호돈돈가스돈가스,서울 양천구 신월로 132,0507-1399-7789,돈카츠,양천구 돈카츠 배달 맛집
1521480959,Route 16 (양천구 밀집),Tier 2 (Medium),2. 일식 (정식・초밥),초밥싸롱 신정점,서울 양천구 신정이펜2로 22 103호 초밥싸롱,0507-1382-0145,초밥,양천구 초밥 배달 맛집
